,Accuracy,Cell Type
0,0.729540284220503,Macrophage
0,0.6657232454167765,3T3
0,0.8855086964804988,A20
