,Accuracy,Cell Type
0,0.96784742756618,Ramos
0,0.9266274204896287,Macrophage
0,0.8788038562294278,A549
0,0.9669089028646753,Fibroblast
0,0.7161855797135506,Monocyte
