,Accuracy,Cell Type
0,0.8775754473500555,Macrophage
0,0.4776793772669997,3T3
0,0.8324898494210475,A20
