,Accuracy,Cell Type
0,0.9714058517437324,Ramos
0,0.8913564606334432,Macrophage
0,0.8725980369673665,A549
0,0.9640725067145878,Fibroblast
0,0.5585950601580831,Monocyte
