,Accuracy,Cell Type
0,0.7298652512444084,Macrophage
0,0.6651777809812592,3T3
0,0.8856886677059701,A20
