,Accuracy,Cell Type
0,0.8775797870463026,Macrophage
0,0.47767321595442924,3T3
0,0.8324846806251023,A20
