,Accuracy,Cell Type
0,0.1577495736671315,Ramos
0,0.8418162782121945,Macrophage
0,0.8783868475778053,A549
0,0.8655204069155867,Fibroblast
0,0.6930897496243615,Monocyte
