,Accuracy,Cell Type
0,0.3848898442964538,Ramos
0,0.48343559031113503,Macrophage
0,0.8802755406108462,A549
0,0.8371749831158152,Fibroblast
0,0.47801514069291684,Monocyte
