,Accuracy,Cell Type
0,0.9678738343160672,Ramos
0,0.9265994084066347,Macrophage
0,0.8714052678812794,A549
0,0.9669155810277489,Fibroblast
0,0.7163354810477364,Monocyte
