,Accuracy,Cell Type
0,0.9715523932321454,Ramos
0,0.8973540519296899,Macrophage
0,0.865019232274895,A549
0,0.9654865696453512,Fibroblast
0,0.5524853184903563,Monocyte
