,Accuracy,Cell Type
0,0.8775770666223948,Macrophage
0,0.4776770420397606,3T3
0,0.8324879817390439,A20
