,Accuracy,Cell Type
0,0.729167625096344,Macrophage
0,0.6673463060149198,3T3
0,0.8842030229542571,A20
