,Accuracy,Cell Type
0,0.15774904106407572,Ramos
0,0.8418122893774513,Macrophage
0,0.8688261494425626,A549
0,0.8655184639400038,Fibroblast
0,0.6930930273219058,Monocyte
