,Accuracy,Cell Type
0,0.8775796621318006,Macrophage
0,0.47767302650804566,3T3
0,0.8324851371071713,A20
