,Accuracy,Cell Type
0,0.3849555908536548,Ramos
0,0.48246915934516765,Macrophage
0,0.870706053655821,A549
0,0.836694636360749,Fibroblast
0,0.47870179008941116,Monocyte
