,Accuracy,Cell Type
0,0.7294628102850619,Macrophage
0,0.6661008321750033,3T3
0,0.8852036000585248,A20
