,Unnamed: 0,Cell,Animal,MSE,$R^2$
0,0,Human Monocyte,Human,0.1116463057655482,0.3767708402562078
1,0,Human Macrophage,Human,0.058626022828307,0.6320576897296701
3,0,Human Fibroblast,Human,0.0135779863386336,0.922784841180036
4,0,Human Ramos,Human,0.0164072158295646,0.9265270938567656
5,0,Human A549,Human,0.0439679930679784,0.7215546848434369
