,Ligand,Component 1,Component 2
0,hIL13,-0.4846274670832028,-0.8125158047861001
1,hIL4,0.5779252082516446,-0.575437764185013
2,hNeo4,0.656611507526187,-0.09321720078692347
